[
{"ver":"16.0.4","name":"igniteui-angular"},
{"ver":"1.4.5","name":"igniteui-theming"},
{"ver":"16.1.0-beta.1","name":"igniteui-angular-core"},
{"ver":"16.1.0-beta.1","name":"igniteui-angular-charts"},
{"ver":"16.1.0-beta.1","name":"igniteui-angular-excel"},
{"ver":"16.1.0-beta.1","name":"igniteui-angular-gauges"},
{"ver":"16.1.0-beta.1","name":"igniteui-angular-inputs"},
{"ver":"16.1.0-beta.1","name":"igniteui-angular-layouts"},
{"ver":"16.1.0-beta.1","name":"igniteui-angular-maps"},
{"ver":"16.1.0-beta.1","name":"igniteui-angular-spreadsheet"},
{"ver":"16.1.0-beta.1","name":"igniteui-angular-spreadsheet-chart-adapter"},
{"ver":"4.2.3","name":"igniteui-webcomponents"}
]