[
{ "version": "18.2.0-beta.2", "name": "igniteui-react-charts" },
{ "version": "18.2.0-beta.2", "name": "igniteui-react-core" },
{ "version": "1.12.5",      "name": "igniteui-dockmanager" },
{ "version": "18.2.0-beta.2", "name": "igniteui-react" },
{ "version": "18.2.0-beta.2", "name": "igniteui-react-datasources" },
{ "version": "18.2.0-beta.2", "name": "igniteui-react-excel" },
{ "version": "18.2.0-beta.2", "name": "igniteui-react-grids" },
{ "version": "18.2.0-beta.2", "name": "igniteui-react-gauges" },
{ "version": "18.2.0-beta.2", "name": "igniteui-react-inputs" },
{ "version": "18.2.0-beta.2", "name": "igniteui-react-layouts" },
{ "version": "18.2.0-beta.2", "name": "igniteui-react-maps" },
{ "version": "18.2.0-beta.2", "name": "igniteui-react-spreadsheet" },
{ "version": "18.2.0-beta.2", "name": "igniteui-react-spreadsheet-chart-adapter" },
{ "version": "4.2.3",       "name": "igniteui-webcomponents" },
{ "version": "1.0.3",       "name": "igniteui-trial-watermark" },
{ "version": "18.2.8",      "name": "@types/react" },
{ "version": "18.2.4",      "name": "@types/react-dom" },
{ "version": "5.5.5",       "name": "@types/react-loadable" },
{ "version": "5.1.20",      "name": "@types/react-router" },
{ "version": "5.3.3",       "name": "@types/react-router-dom" },
{ "version": "2.9.2",       "name": "@types/react-transition-group" },
{ "version": "18.2.0",      "name": "react" },
{ "version": "3.0.0",       "name": "react-app-polyfill" },
{ "version": "18.2.0",      "name": "react-dom" },
{ "version": "2.2.1",       "name": "react-app-rewired" },
{ "version": "12.0.1",      "name": "react-dev-utils" },
{ "version": "18.2.0",      "name": "react-is" },
{ "version": "6.0.11",      "name": "react-error-overlay" },
{ "version": "0.11.0",      "name": "react-refresh" },
{ "version": "4.3.1",       "name": "react-router" },
{ "version": "5.5.0",       "name": "react-loadable" },
{ "version": "5.3.4",       "name": "react-router-dom" },
{ "version": "5.0.1",       "name": "react-scripts" },
{ "version": "4.4.2",       "name": "react-transition-group" },
{ "version": "4.9.5",       "name": "typescript" },
{ "version": "5.85.1",      "name": "webpack" },
{ "version": "3.0.8",       "name": "worker-loader" }
]