{
  "rules": {
        "class-name": true,
        "comment-format": [false, "check-space"],
        "indent": [true, "spaces"],
        "no-duplicate-variable": true,
        "no-eval": true,
        "no-internal-module": true,
        "no-trailing-whitespace": false,
        "no-var-keyword": false,
        "one-line": [false, "check-open-brace", "check-whitespace"],
        "semicolon": false,
        "triple-equals": [true, "allow-null-check"],
        "typedef-whitespace": [true, {
            "call-signature": "nospace",
            "index-signature": "nospace",
            "parameter": "nospace",
            "property-declaration": "nospace",
            "variable-declaration": "nospace"
        }],
        "variable-name": [true, "ban-keywords"],
        "whitespace": [true,
            "check-branch",
            "check-decl",
            "check-operator",
            "check-separator",
            "check-type"
        ]
    }
}
