[
{ "version": "1.13.0",      "name": "igniteui-dockmanager" },
{ "version": "4.3.0-beta.0", "name": "igniteui-webcomponents" },
{ "version": "4.3.0-beta.4", "name": "igniteui-webcomponents-charts" },
{ "version": "4.3.0-beta.4", "name": "igniteui-webcomponents-core" },
{ "version": "1.0.3",       "name": "igniteui-trial-watermark" },
{ "version": "4.3.0-beta.4", "name": "igniteui-webcomponents-datasources" },
{ "version": "4.3.0-beta.4", "name": "igniteui-webcomponents-excel" },
{ "version": "4.3.0-beta.4", "name": "igniteui-webcomponents-gauges" },
{ "version": "4.3.0-beta.4", "name": "igniteui-webcomponents-grids" },
{ "version": "4.3.0-beta.4", "name": "igniteui-webcomponents-inputs" },
{ "version": "4.3.0-beta.4", "name": "igniteui-webcomponents-layouts" },
{ "version": "4.3.0-beta.4", "name": "igniteui-webcomponents-maps" },
{ "version": "4.3.0-beta.4", "name": "igniteui-webcomponents-spreadsheet" },
{ "version": "4.3.0-beta.4", "name": "igniteui-webcomponents-spreadsheet-chart-adapter" },
{ "version": "2.7.5",       "name": "lit" },
{ "version": "2.5.1",       "name": "lit-element" },
{ "version": "2.7.4",       "name": "lit-html" },
{ "version": "4.9.5",       "name": "typescript" },
{ "version": "5.76.2",      "name": "webpack" },
{ "version": "3.0.8",       "name": "worker-loader" },
{ "version": "1.3.0",       "name": "@webcomponents/custom-elements" },
{ "version": "2.3.0",       "name": "@webcomponents/webcomponentsjs" }
]