{
  "extends": ["tslint:recommended", "tslint-react", "tslint-config-prettier"],
  "linterOptions": {
    "exclude": [
      "config/**/*.js",
      "node_modules/**/*.ts",
      "coverage/lcov-report/*.js",
      "src/samples/*.*",
      "samples",
      "tasks",
      "templates",
      "gulp*.ts",
      "gulp*.js"
    ]
  },
  "rules": {
    "only-arrow-functions": false,
    "jsx-self-close": false,
    "jsx-wrap-multiline": false,
    "no-var-requires": false,
    "no-console": false,
    "no-string-literal": false,
    "no-unused-vars": false,
    "@typescript-eslint/no-unused-vars": "off",
    "jsx-no-lambda": false,
    "ordered-imports": false,
    "object-literal-sort-keys": false,
    "object-literal-shorthand": false,
    "member-ordering": false,
    "curly": [false, "ignore-same-line"],
    "max-classes-per-file": [true, 10],
    "prefer-const": false,
    "prefer-for-of": false,
    "no-useless-constructor": false,
    "@typescript-eslint/no-useless-constructor": "off"
  },
  "jsRules": {
    "only-arrow-functions": false,
    "jsx-self-close": false,
    "jsx-wrap-multiline": false,
    "no-var-requires": false,
    "no-console": false,
    "no-unused-vars": false,
    "@typescript-eslint/no-unused-vars": "off",
    "jsx-no-lambda": false,
    "ordered-imports": false,
    "object-literal-sort-keys": false,
    "object-literal-shorthand": false,
    "curly": [false, "ignore-same-line"],
    "max-classes-per-file": [true, 10],
    "prefer-const": false,
    "prefer-for-of": false,
    "no-useless-constructor": false,
    "@typescript-eslint/no-useless-constructor": "off"
  }
}
